<keymap version="1" name="Visual Studio copy" parent="Visual Studio">
  <action id="$Redo">
    <keyboard-shortcut first-keystroke="ctrl y" />
    <keyboard-shortcut first-keystroke="shift ctrl z" />
    <keyboard-shortcut first-keystroke="shift alt back_space" />
    <keyboard-shortcut first-keystroke="ctrl r" />
  </action>
  <action id="ActivateRunToolWindow">
    <keyboard-shortcut first-keystroke="alt 4" />
  </action>
  <action id="ActivateStructureToolWindow" />
  <action id="ActivateTerminalToolWindow">
    <keyboard-shortcut first-keystroke="alt f12" />
    <keyboard-shortcut first-keystroke="alt 3" />
  </action>
  <action id="ActivateVersionControlToolWindow">
    <keyboard-shortcut first-keystroke="alt 1" />
  </action>
  <action id="BLACKReformatCode">
    <keyboard-shortcut first-keystroke="meta alt l" />
    <keyboard-shortcut first-keystroke="ctrl alt f" />
  </action>
  <action id="ChangeSignature" />
  <action id="ChangesView.Rename" />
  <action id="CheckinProject">
    <keyboard-shortcut first-keystroke="alt k" />
  </action>
  <action id="CommentByLineComment">
    <keyboard-shortcut first-keystroke="ctrl alt slash" />
    <keyboard-shortcut first-keystroke="ctrl alt divide" />
    <keyboard-shortcut first-keystroke="ctrl k" second-keystroke="c" />
    <keyboard-shortcut first-keystroke="ctrl k" second-keystroke="ctrl c" />
    <keyboard-shortcut first-keystroke="ctrl k" second-keystroke="ctrl slash" />
    <keyboard-shortcut first-keystroke="ctrl k" second-keystroke="ctrl u" />
    <keyboard-shortcut first-keystroke="ctrl slash" />
  </action>
  <action id="Console.TableResult.SetDefault" />
  <action id="Debug">
    <keyboard-shortcut first-keystroke="alt f5" />
    <keyboard-shortcut first-keystroke="ctrl alt d" />
  </action>
  <action id="Docker.RemoteServers.StartContainer">
    <keyboard-shortcut first-keystroke="shift ctrl alt s" />
  </action>
  <action id="Editor Redo">
    <keyboard-shortcut first-keystroke="ctrl r" />
  </action>
  <action id="EditorChooseLookupItemReplace">
    <keyboard-shortcut first-keystroke="tab" />
  </action>
  <action id="EditorDown">
    <keyboard-shortcut first-keystroke="down" />
  </action>
  <action id="EditorDuplicate">
    <keyboard-shortcut first-keystroke="ctrl d" />
    <keyboard-shortcut first-keystroke="alt d" />
  </action>
  <action id="EditorEnter">
    <keyboard-shortcut first-keystroke="enter" />
  </action>
  <action id="EditorIndentSelection">
    <keyboard-shortcut first-keystroke="tab" />
  </action>
  <action id="EditorPasteSimple">
    <keyboard-shortcut first-keystroke="shift ctrl v" />
  </action>
  <action id="EditorTab">
    <keyboard-shortcut first-keystroke="tab" />
  </action>
  <action id="EditorToggleShowWhitespaces" />
  <action id="EditorUp">
    <keyboard-shortcut first-keystroke="up" />
  </action>
  <action id="EmmetEverywhere">
    <keyboard-shortcut first-keystroke="ctrl alt j" />
  </action>
  <action id="ExpandLiveTemplateCustom">
    <keyboard-shortcut first-keystroke="tab" />
  </action>
  <action id="ExtractMethod" />
  <action id="Git.Commit.And.Push.Executor" />
  <action id="Git.Rename.Local.Branch" />
  <action id="Git.Reword.Commit" />
  <action id="GotoDeclaration">
    <keyboard-shortcut first-keystroke="shift f2" />
    <keyboard-shortcut first-keystroke="ctrl b" />
    <mouse-shortcut keystroke="control button1" />
    <mouse-shortcut keystroke="button2" />
  </action>
  <action id="Graph.ActualSize">
    <keyboard-shortcut first-keystroke="ctrl divide" />
  </action>
  <action id="Hg.Commit.And.Push.Executor" />
  <action id="Images.Editor.ActualSize">
    <keyboard-shortcut first-keystroke="ctrl divide" />
  </action>
  <action id="Inline" />
  <action id="IntroduceField" />
  <action id="IntroduceParameter" />
  <action id="IntroduceVariable" />
  <action id="ModifyObject" />
  <action id="Move" />
  <action id="NewElement">
    <keyboard-shortcut first-keystroke="alt insert" />
    <keyboard-shortcut first-keystroke="alt n" />
  </action>
  <action id="NextParameter">
    <keyboard-shortcut first-keystroke="tab" />
  </action>
  <action id="NextTemplateParameter">
    <keyboard-shortcut first-keystroke="tab" />
  </action>
  <action id="PasteMultiple">
    <keyboard-shortcut first-keystroke="shift ctrl insert" />
    <keyboard-shortcut first-keystroke="shift ctrl alt v" />
  </action>
  <action id="ReformatCode">
    <keyboard-shortcut first-keystroke="alt f8" />
    <keyboard-shortcut first-keystroke="ctrl alt s" />
  </action>
  <action id="ReformatWithPrettierAction">
    <keyboard-shortcut first-keystroke="ctrl alt p" />
    <keyboard-shortcut first-keystroke="shift ctrl q" />
  </action>
  <action id="Refresh" />
  <action id="RenameElement" />
  <action id="RiderBackendAction-EncapsulateField" />
  <action id="RunClass">
    <keyboard-shortcut first-keystroke="ctrl f9" />
    <keyboard-shortcut first-keystroke="ctrl alt r" />
  </action>
  <action id="SafeDelete">
    <keyboard-shortcut first-keystroke="alt delete" />
  </action>
  <action id="SearchEverywhere.CompleteCommand">
    <keyboard-shortcut first-keystroke="tab" />
  </action>
  <action id="SearchEverywhere.NextTab">
    <keyboard-shortcut first-keystroke="tab" />
  </action>
  <action id="Session.Rename" />
  <action id="ShelvedChanges.Rename" />
  <action id="ShowFilterPopup" />
  <action id="ShowIntentionActions">
    <keyboard-shortcut first-keystroke="alt enter" />
  </action>
  <action id="ShowSettings">
    <keyboard-shortcut first-keystroke="alt f7" />
    <keyboard-shortcut first-keystroke="alt comma" />
  </action>
  <action id="SmartTypeCompletion">
    <keyboard-shortcut first-keystroke="ctrl space" />
  </action>
  <action id="SplitVertically">
    <keyboard-shortcut first-keystroke="alt v" />
  </action>
  <action id="Switcher">
    <keyboard-shortcut first-keystroke="ctrl tab" />
  </action>
  <action id="ToggleDistractionFreeMode">
    <keyboard-shortcut first-keystroke="shift ctrl alt 0" />
  </action>
  <action id="ToggleFullScreen">
    <keyboard-shortcut first-keystroke="shift ctrl alt 9" />
  </action>
  <action id="Tool_External Tools_Black">
    <keyboard-shortcut first-keystroke="ctrl alt f" />
  </action>
  <action id="Tool_External Tools_black">
    <keyboard-shortcut first-keystroke="ctrl alt f" />
  </action>
  <action id="Vcs.Push">
    <keyboard-shortcut first-keystroke="shift ctrl k" />
    <keyboard-shortcut first-keystroke="ctrl alt k" />
  </action>
  <action id="Vcs.ReformatCommitMessage">
    <keyboard-shortcut first-keystroke="alt f8" />
  </action>
</keymap>