<profile version="1.0">
  <option name="myName" value="Default" />
  <inspection_tool class="Eslint" enabled="true" level="WARNING" enabled_by_default="true" />
  <inspection_tool class="HtmlUnknownTag" enabled="true" level="WARNING" enabled_by_default="true">
    <option name="myValues">
      <value>
        <list size="8">
          <item index="0" class="java.lang.String" itemvalue="nobr" />
          <item index="1" class="java.lang.String" itemvalue="noembed" />
          <item index="2" class="java.lang.String" itemvalue="comment" />
          <item index="3" class="java.lang.String" itemvalue="noscript" />
          <item index="4" class="java.lang.String" itemvalue="embed" />
          <item index="5" class="java.lang.String" itemvalue="script" />
          <item index="6" class="java.lang.String" itemvalue="pre" />
          <item index="7" class="java.lang.String" itemvalue="caption" />
        </list>
      </value>
    </option>
    <option name="myCustomValuesEnabled" value="true" />
  </inspection_tool>
  <inspection_tool class="PyMissingOrEmptyDocstringInspection" enabled="true" level="WEAK WARNING" enabled_by_default="true" />
  <inspection_tool class="PyPackageRequirementsInspection" enabled="true" level="WARNING" enabled_by_default="true">
    <option name="ignoredPackages">
      <value>
        <list size="6">
          <item index="0" class="java.lang.String" itemvalue="httpx" />
          <item index="1" class="java.lang.String" itemvalue="flask-debugtoolbar" />
          <item index="2" class="java.lang.String" itemvalue="werkzeug" />
          <item index="3" class="java.lang.String" itemvalue="WTForms-Alchemy" />
          <item index="4" class="java.lang.String" itemvalue="Flask-WTF" />
          <item index="5" class="java.lang.String" itemvalue="Flask" />
        </list>
      </value>
    </option>
  </inspection_tool>
  <inspection_tool class="PyUnresolvedReferencesInspection" enabled="true" level="WARNING" enabled_by_default="true">
    <option name="ignoredIdentifiers">
      <list>
        <option value="list.error" />
      </list>
    </option>
  </inspection_tool>
</profile>